Designator,Footprint,Quantity,Value,LCSC Part #
"C1, C2, C3, C4, C7, C8, C9",0805,7,0.1uF,
"C10, C5",0805,2,22uF,
C6,CP_Radial_D8.0mm_P3.50mm,1,470uF,
"H5, H6",Pololu Extended Motor Bracket,2,~,
"J4, J5",PinSocket_1x06_P2.54mm_Vertical,2,Conn_01x06,
M,Pololu Ball Castor,1,Pololu Ball Castor,
U1,Teensy41,1,Teensy4.1,
U2,D42V55F5,1,D42V55F5 5V Voltage Regulator,
U3,MODULE_ESP32-C3_SUPERMINI_TH,1,ESP32-C3_SUPERMINI_TH,
U4,"Big MOSFET Slide Switch with Reverse Voltage Protection, MP",1,"Big MOSFET Slide Switch with Reverse Voltage Protection, MP",
U5,QTRX-HD-15A,1,QTRX-HD-15A,
U6,MODULE_ROB-14450,1,TB6612FNG BreakoutBoard,
