Designator,Mid X,Mid Y,Rotation,Layer
C1,92.0,-82.0,90.0,top
C10,123.0,-56.0375,90.0,top
C2,132.99,-122.9875,90.0,top
C3,137.0,-123.0,90.0,top
C4,141.0,-122.9625,90.0,top
C5,145.0,-122.9625,90.0,top
C6,172.0,-120.75,270.0,top
C7,111.0,-56.0375,90.0,top
C8,115.0,-56.0375,90.0,top
C9,119.0,-56.0375,90.0,top
H5,202.69,-60.4,180.0,top
H6,202.69,-123.6,0.0,top
J4,162.25,-109.52,0.0,top
J5,162.0,-70.025,0.0,top
M,100.0,-92.0,90.0,top
U1,119.0,-91.71,90.0,top
U2,144.27,-73.585,0.0,top
U3,99.38,-66.99,0.0,top
U4,206.0,-92.0,90.0,top
U5,79.8125,-91.98,90.0,top
U6,144.0,-105.0,180.0,top
